{"data":{"item":[{"StationCode":"1","StationName":"St Albans","StationShortName":"StAlbans","StationLocation":"21 Coles Place, St Albans, Christchurch 8014","StationCity":"Christchurch","StationLatitude":"-43.511257","StationLongitude":"172.6337","MonitorChannel":"2","MonitorName":"Wind Speed V","MonitorTypeCode":"18","MonitorTypeDescription":"AS/NZS 3580.14 Section 2","MonitorFullName":"Wind speed (m/s)"},{"StationCode":"1","StationName":"St Albans","StationShortName":"StAlbans","StationLocation":"21 Coles Place, St Albans, Christchurch 8014","StationCity":"Christchurch","StationLatitude":"-43.511257","StationLongitude":"172.6337","MonitorChannel":"3","MonitorName":"Wind Dir V","MonitorTypeCode":"19","MonitorTypeDescription":"AS/NZS 3580.14 Section 2","MonitorFullName":"Wind direction (Deg)"},{"StationCode":"1","StationName":"St Albans","StationShortName":"StAlbans","StationLocation":"21 Coles Place, St Albans, Christchurch 8014","StationCity":"Christchurch","StationLatitude":"-43.511257","StationLongitude":"172.6337","MonitorChannel":"6","MonitorName":"Wind_Max","MonitorTypeCode":"23","MonitorTypeDescription":"AS/NZS 3580.14 Section 2","MonitorFullName":"Wind maximum (m/s)"},{"StationCode":"1","StationName":"St Albans","StationShortName":"StAlbans","StationLocation":"21 Coles Place, St Albans, Christchurch 8014","StationCity":"Christchurch","StationLatitude":"-43.511257","StationLongitude":"172.6337","MonitorChannel":"7","MonitorName":"RH","MonitorTypeCode":"26","MonitorTypeDescription":"AS/NZS 3580.14 Section 4","MonitorFullName":"Relative humidity (%)"},{"StationCode":"1","StationName":"St Albans","StationShortName":"StAlbans","StationLocation":"21 Coles Place, St Albans, Christchurch 8014","StationCity":"Christchurch","StationLatitude":"-43.511257","StationLongitude":"172.6337","MonitorChannel":"26","MonitorName":"CO_(mg)","MonitorTypeCode":"49","MonitorTypeDescription":"AS 3580.7.1","MonitorFullName":"CO (mg/m3)"},{"StationCode":"1","StationName":"St Albans","StationShortName":"StAlbans","StationLocation":"21 Coles Place, St Albans, Christchurch 8014","StationCity":"Christchurch","StationLatitude":"-43.511257","StationLongitude":"172.6337","MonitorChannel":"27","MonitorName":"NO2_(ug)","MonitorTypeCode":"102","MonitorTypeDescription":"NO2 ug","MonitorFullName":"NO2 (ug/m3)"},{"StationCode":"1","StationName":"St Albans","StationShortName":"StAlbans","StationLocation":"21 Coles Place, St Albans, Christchurch 8014","StationCity":"Christchurch","StationLatitude":"-43.511257","StationLongitude":"172.6337","MonitorChannel":"28","MonitorName":"SO2_(ug)","MonitorTypeCode":"88","MonitorTypeDescription":"AS 3580.4.1","MonitorFullName":"SO2 (ug/m3)"},{"StationCode":"1","StationName":"St Albans","StationShortName":"StAlbans","StationLocation":"21 Coles Place, St Albans, Christchurch 8014","StationCity":"Christchurch","StationLatitude":"-43.511257","StationLongitude":"172.6337","MonitorChannel":"32","MonitorName":"NO_ug","MonitorTypeCode":"135","MonitorTypeDescription":"AS 3580.5.1","MonitorFullName":"NO (ug/m3)"},{"StationCode":"1","StationName":"St Albans","StationShortName":"StAlbans","StationLocation":"21 Coles Place, St Albans, Christchurch 8014","StationCity":"Christchurch","StationLatitude":"-43.511257","StationLongitude":"172.6337","MonitorChannel":"80","MonitorName":"O3_ug/m3","MonitorTypeCode":"167","MonitorTypeDescription":"Ozone ug","MonitorFullName":"O3 (ug/m3)"},{"StationCode":"1","StationName":"St Albans","StationShortName":"StAlbans","StationLocation":"21 Coles Place, St Albans, Christchurch 8014","StationCity":"Christchurch","StationLatitude":"-43.511257","StationLongitude":"172.6337","MonitorChannel":"81","MonitorName":"WEB_PM10","MonitorTypeCode":"168","MonitorTypeDescription":"PM10 (ug/m3)","MonitorFullName":"PM10 (ug/m3)"},{"StationCode":"1","StationName":"St Albans","StationShortName":"StAlbans","StationLocation":"21 Coles Place, St Albans, Christchurch 8014","StationCity":"Christchurch","StationLatitude":"-43.511257","StationLongitude":"172.6337","MonitorChannel":"82","MonitorName":"WEB_Temp2m","MonitorTypeCode":"169","MonitorTypeDescription":"Temperature 2m ","MonitorFullName":"Temperature 2m (DegC)"},{"StationCode":"1","StationName":"St Albans","StationShortName":"StAlbans","StationLocation":"21 Coles Place, St Albans, Christchurch 8014","StationCity":"Christchurch","StationLatitude":"-43.511257","StationLongitude":"172.6337","MonitorChannel":"83","MonitorName":"WEB_Temp6m","MonitorTypeCode":"170","MonitorTypeDescription":"Temperature 6m ","MonitorFullName":"Temperature 10m (DegC)"},{"StationCode":"1","StationName":"St Albans","StationShortName":"StAlbans","StationLocation":"21 Coles Place, St Albans, Christchurch 8014","StationCity":"Christchurch","StationLatitude":"-43.511257","StationLongitude":"172.6337","MonitorChannel":"84","MonitorName":"WEB_PM2.5","MonitorTypeCode":"171","MonitorTypeDescription":"PM2.5 (ug/m3)","MonitorFullName":"PM2.5 (ug/m3)"},{"StationCode":"2","StationName":"Riccarton Road","StationShortName":"Riccarton","StationLocation":"122 Riccarton Road, Riccarton, Christchurch 8041","StationCity":"Christchurch","StationLatitude":"-43.529753","StationLongitude":"172.5987","MonitorChannel":"9","MonitorName":"RH","MonitorTypeCode":"26","MonitorTypeDescription":"AS/NZS 3580.14 Section 4","MonitorFullName":"Relative humidity (%)"},{"StationCode":"2","StationName":"Riccarton Road","StationShortName":"Riccarton","StationLocation":"122 Riccarton Road, Riccarton, Christchurch 8041","StationCity":"Christchurch","StationLatitude":"-43.529753","StationLongitude":"172.5987","MonitorChannel":"10","MonitorName":"CO_(mg)","MonitorTypeCode":"49","MonitorTypeDescription":"AS 3580.7.1","MonitorFullName":"CO (mg/m3)"},{"StationCode":"2","StationName":"Riccarton Road","StationShortName":"Riccarton","StationLocation":"122 Riccarton Road, Riccarton, Christchurch 8041","StationCity":"Christchurch","StationLatitude":"-43.529753","StationLongitude":"172.5987","MonitorChannel":"11","MonitorName":"NO2_(ug)","MonitorTypeCode":"102","MonitorTypeDescription":"NO2 ug","MonitorFullName":"NO2 (ug/m3)"},{"StationCode":"2","StationName":"Riccarton Road","StationShortName":"Riccarton","StationLocation":"122 Riccarton Road, Riccarton, Christchurch 8041","StationCity":"Christchurch","StationLatitude":"-43.529753","StationLongitude":"172.5987","MonitorChannel":"15","MonitorName":"SO2_(ug)","MonitorTypeCode":"88","MonitorTypeDescription":"AS 3580.4.1","MonitorFullName":"SO2 (ug/m3)"},{"StationCode":"2","StationName":"Riccarton Road","StationShortName":"Riccarton","StationLocation":"122 Riccarton Road, Riccarton, Christchurch 8041","StationCity":"Christchurch","StationLatitude":"-43.529753","StationLongitude":"172.5987","MonitorChannel":"18","MonitorName":"NO_ug","MonitorTypeCode":"135","MonitorTypeDescription":"AS 3580.5.1","MonitorFullName":"NO (ug/m3)"},{"StationCode":"2","StationName":"Riccarton Road","StationShortName":"Riccarton","StationLocation":"122 Riccarton Road, Riccarton, Christchurch 8041","StationCity":"Christchurch","StationLatitude":"-43.529753","StationLongitude":"172.5987","MonitorChannel":"28","MonitorName":"WEB_Temp2m","MonitorTypeCode":"169","MonitorTypeDescription":"Temperature 2m ","MonitorFullName":"Temperature 2m (DegC)"},{"StationCode":"2","StationName":"Riccarton Road","StationShortName":"Riccarton","StationLocation":"122 Riccarton Road, Riccarton, Christchurch 8041","StationCity":"Christchurch","StationLatitude":"-43.529753","StationLongitude":"172.5987","MonitorChannel":"58","MonitorName":"Benzene","MonitorTypeCode":"235","MonitorTypeDescription":"Benzene 3M","MonitorFullName":"Benzene 3M"},{"StationCode":"3","StationName":"Woolston","StationShortName":"Woolston","StationLocation":"100 Rutherford Street, Woolston, Christchurch 8023","StationCity":"Christchurch","StationLatitude":"-43.557158","StationLongitude":"172.681276","MonitorChannel":"2","MonitorName":"Wind Speed V","MonitorTypeCode":"18","MonitorTypeDescription":"AS/NZS 3580.14 Section 2","MonitorFullName":"Wind speed (m/s)"},{"StationCode":"3","StationName":"Woolston","StationShortName":"Woolston","StationLocation":"100 Rutherford Street, Woolston, Christchurch 8023","StationCity":"Christchurch","StationLatitude":"-43.557158","StationLongitude":"172.681276","MonitorChannel":"3","MonitorName":"Wind Dir V","MonitorTypeCode":"19","MonitorTypeDescription":"AS/NZS 3580.14 Section 2","MonitorFullName":"Wind direction (Deg)"},{"StationCode":"3","StationName":"Woolston","StationShortName":"Woolston","StationLocation":"100 Rutherford Street, Woolston, Christchurch 8023","StationCity":"Christchurch","StationLatitude":"-43.557158","StationLongitude":"172.681276","MonitorChannel":"6","MonitorName":"Wind_Max","MonitorTypeCode":"23","MonitorTypeDescription":"AS/NZS 3580.14 Section 2","MonitorFullName":"Wind maximum (m/s)"},{"StationCode":"3","StationName":"Woolston","StationShortName":"Woolston","StationLocation":"100 Rutherford Street, Woolston, Christchurch 8023","StationCity":"Christchurch","StationLatitude":"-43.557158","StationLongitude":"172.681276","MonitorChannel":"7","MonitorName":"RH","MonitorTypeCode":"26","MonitorTypeDescription":"AS/NZS 3580.14 Section 4","MonitorFullName":"Relative humidity (%)"},{"StationCode":"3","StationName":"Woolston","StationShortName":"Woolston","StationLocation":"100 Rutherford Street, Woolston, Christchurch 8023","StationCity":"Christchurch","StationLatitude":"-43.557158","StationLongitude":"172.681276","MonitorChannel":"22","MonitorName":"CO_(mg)","MonitorTypeCode":"49","MonitorTypeDescription":"AS 3580.7.1","MonitorFullName":"CO (mg/m3)"},{"StationCode":"3","StationName":"Woolston","StationShortName":"Woolston","StationLocation":"100 Rutherford Street, Woolston, Christchurch 8023","StationCity":"Christchurch","StationLatitude":"-43.557158","StationLongitude":"172.681276","MonitorChannel":"24","MonitorName":"SO2_(ug)","MonitorTypeCode":"88","MonitorTypeDescription":"AS 3580.4.1","MonitorFullName":"SO2 (ug/m3)"},{"StationCode":"3","StationName":"Woolston","StationShortName":"Woolston","StationLocation":"100 Rutherford Street, Woolston, Christchurch 8023","StationCity":"Christchurch","StationLatitude":"-43.557158","StationLongitude":"172.681276","MonitorChannel":"44","MonitorName":"WEB_Temp2m","MonitorTypeCode":"169","MonitorTypeDescription":"Temperature 2m ","MonitorFullName":"Temperature 2m (DegC)"},{"StationCode":"3","StationName":"Woolston","StationShortName":"Woolston","StationLocation":"100 Rutherford Street, Woolston, Christchurch 8023","StationCity":"Christchurch","StationLatitude":"-43.557158","StationLongitude":"172.681276","MonitorChannel":"45","MonitorName":"WEB_Temp6m","MonitorTypeCode":"170","MonitorTypeDescription":"Temperature 6m ","MonitorFullName":"Temperature 6m (DegC)"},{"StationCode":"3","StationName":"Woolston","StationShortName":"Woolston","StationLocation":"100 Rutherford Street, Woolston, Christchurch 8023","StationCity":"Christchurch","StationLatitude":"-43.557158","StationLongitude":"172.681276","MonitorChannel":"46","MonitorName":"WEB_PM10","MonitorTypeCode":"168","MonitorTypeDescription":"PM10 (ug/m3)","MonitorFullName":"PM10 (ug/m3)"},{"StationCode":"3","StationName":"Woolston","StationShortName":"Woolston","StationLocation":"100 Rutherford Street, Woolston, Christchurch 8023","StationCity":"Christchurch","StationLatitude":"-43.557158","StationLongitude":"172.681276","MonitorChannel":"47","MonitorName":"WEB_PM2.5","MonitorTypeCode":"171","MonitorTypeDescription":"PM2.5 (ug/m3)","MonitorFullName":"PM2.5 (ug/m3)"},{"StationCode":"4","StationName":"Kaiapoi","StationShortName":"Kaiapoi","StationLocation":"41A Peraki St, Kaiapoi 7630","StationCity":"Kaiapoi","StationLatitude":"-43.384643","StationLongitude":"172.6520","MonitorChannel":"2","MonitorName":"Wind Speed V","MonitorTypeCode":"18","MonitorTypeDescription":"AS/NZS 3580.14 Section 2","MonitorFullName":"Wind speed (m/s)"},{"StationCode":"4","StationName":"Kaiapoi","StationShortName":"Kaiapoi","StationLocation":"41A Peraki St, Kaiapoi 7630","StationCity":"Kaiapoi","StationLatitude":"-43.384643","StationLongitude":"172.6520","MonitorChannel":"3","MonitorName":"Wind Dir V","MonitorTypeCode":"19","MonitorTypeDescription":"AS/NZS 3580.14 Section 2","MonitorFullName":"Wind direction (Deg)"},{"StationCode":"4","StationName":"Kaiapoi","StationShortName":"Kaiapoi","StationLocation":"41A Peraki St, Kaiapoi 7630","StationCity":"Kaiapoi","StationLatitude":"-43.384643","StationLongitude":"172.6520","MonitorChannel":"6","MonitorName":"Wind_Max","MonitorTypeCode":"23","MonitorTypeDescription":"AS/NZS 3580.14 Section 2","MonitorFullName":"Wind maximum (m/s)"},{"StationCode":"4","StationName":"Kaiapoi","StationShortName":"Kaiapoi","StationLocation":"41A Peraki St, Kaiapoi 7630","StationCity":"Kaiapoi","StationLatitude":"-43.384643","StationLongitude":"172.6520","MonitorChannel":"7","MonitorName":"RH","MonitorTypeCode":"26","MonitorTypeDescription":"AS/NZS 3580.14 Section 4","MonitorFullName":"Relative humidity (%)"},{"StationCode":"4","StationName":"Kaiapoi","StationShortName":"Kaiapoi","StationLocation":"41A Peraki St, Kaiapoi 7630","StationCity":"Kaiapoi","StationLatitude":"-43.384643","StationLongitude":"172.6520","MonitorChannel":"16","MonitorName":"CO_(mg)","MonitorTypeCode":"49","MonitorTypeDescription":"AS 3580.7.1","MonitorFullName":"CO (mg/m3)"},{"StationCode":"4","StationName":"Kaiapoi","StationShortName":"Kaiapoi","StationLocation":"41A Peraki St, Kaiapoi 7630","StationCity":"Kaiapoi","StationLatitude":"-43.384643","StationLongitude":"172.6520","MonitorChannel":"20","MonitorName":"SO2_(ug)","MonitorTypeCode":"88","MonitorTypeDescription":"AS 3580.4.1","MonitorFullName":"SO2 (ug/m3)"},{"StationCode":"4","StationName":"Kaiapoi","StationShortName":"Kaiapoi","StationLocation":"41A Peraki St, Kaiapoi 7630","StationCity":"Kaiapoi","StationLatitude":"-43.384643","StationLongitude":"172.6520","MonitorChannel":"30","MonitorName":"WEB_PM10","MonitorTypeCode":"168","MonitorTypeDescription":"PM10 (ug/m3)","MonitorFullName":"PM10 (ug/m3)"},{"StationCode":"4","StationName":"Kaiapoi","StationShortName":"Kaiapoi","StationLocation":"41A Peraki St, Kaiapoi 7630","StationCity":"Kaiapoi","StationLatitude":"-43.384643","StationLongitude":"172.6520","MonitorChannel":"31","MonitorName":"WEB_Temp2m","MonitorTypeCode":"169","MonitorTypeDescription":"Temperature 2m ","MonitorFullName":"Temperature 2m (DegC)"},{"StationCode":"4","StationName":"Kaiapoi","StationShortName":"Kaiapoi","StationLocation":"41A Peraki St, Kaiapoi 7630","StationCity":"Kaiapoi","StationLatitude":"-43.384643","StationLongitude":"172.6520","MonitorChannel":"32","MonitorName":"WEB_Temp6m","MonitorTypeCode":"170","MonitorTypeDescription":"Temperature 6m ","MonitorFullName":"Temperature 6m (DegC)"},{"StationCode":"4","StationName":"Kaiapoi","StationShortName":"Kaiapoi","StationLocation":"41A Peraki St, Kaiapoi 7630","StationCity":"Kaiapoi","StationLatitude":"-43.384643","StationLongitude":"172.6520","MonitorChannel":"33","MonitorName":"WEB_PM2.5","MonitorTypeCode":"171","MonitorTypeDescription":"PM2.5 (ug/m3)","MonitorFullName":"PM2.5 (ug/m3)"},{"StationCode":"5","StationName":"Rangiora","StationShortName":"Rangiora","StationLocation":"41 Victoria St, Waimakariri, Rangiora 7400","StationCity":"Rangiora","StationLatitude":"-43.30754","StationLongitude":"172.5953","MonitorChannel":"1","MonitorName":"Wind Speed V","MonitorTypeCode":"18","MonitorTypeDescription":"AS/NZS 3580.14 Section 2","MonitorFullName":"Wind speed (m/s)"},{"StationCode":"5","StationName":"Rangiora","StationShortName":"Rangiora","StationLocation":"41 Victoria St, Waimakariri, Rangiora 7400","StationCity":"Rangiora","StationLatitude":"-43.30754","StationLongitude":"172.5953","MonitorChannel":"2","MonitorName":"Wind Dir V","MonitorTypeCode":"19","MonitorTypeDescription":"AS/NZS 3580.14 Section 2","MonitorFullName":"Wind direction (Deg)"},{"StationCode":"5","StationName":"Rangiora","StationShortName":"Rangiora","StationLocation":"41 Victoria St, Waimakariri, Rangiora 7400","StationCity":"Rangiora","StationLatitude":"-43.30754","StationLongitude":"172.5953","MonitorChannel":"5","MonitorName":"Wind_Max","MonitorTypeCode":"23","MonitorTypeDescription":"AS/NZS 3580.14 Section 2","MonitorFullName":"Wind maximum (m/s)"},{"StationCode":"5","StationName":"Rangiora","StationShortName":"Rangiora","StationLocation":"41 Victoria St, Waimakariri, Rangiora 7400","StationCity":"Rangiora","StationLatitude":"-43.30754","StationLongitude":"172.5953","MonitorChannel":"17","MonitorName":"CO_(mg)","MonitorTypeCode":"49","MonitorTypeDescription":"AS 3580.7.1","MonitorFullName":"CO (mg/m3)"},{"StationCode":"5","StationName":"Rangiora","StationShortName":"Rangiora","StationLocation":"41 Victoria St, Waimakariri, Rangiora 7400","StationCity":"Rangiora","StationLatitude":"-43.30754","StationLongitude":"172.5953","MonitorChannel":"22","MonitorName":"SO2_(ug)","MonitorTypeCode":"88","MonitorTypeDescription":"AS 3580.4.1","MonitorFullName":"SO2 (ug/m3)"},{"StationCode":"5","StationName":"Rangiora","StationShortName":"Rangiora","StationLocation":"41 Victoria St, Waimakariri, Rangiora 7400","StationCity":"Rangiora","StationLatitude":"-43.30754","StationLongitude":"172.5953","MonitorChannel":"35","MonitorName":"WEB_PM10","MonitorTypeCode":"168","MonitorTypeDescription":"PM10 (ug/m3)","MonitorFullName":"PM10 (ug/m3)"},{"StationCode":"5","StationName":"Rangiora","StationShortName":"Rangiora","StationLocation":"41 Victoria St, Waimakariri, Rangiora 7400","StationCity":"Rangiora","StationLatitude":"-43.30754","StationLongitude":"172.5953","MonitorChannel":"36","MonitorName":"WEB_Temp2m","MonitorTypeCode":"169","MonitorTypeDescription":"Temperature 2m ","MonitorFullName":"Temperature 2m (DegC)"},{"StationCode":"5","StationName":"Rangiora","StationShortName":"Rangiora","StationLocation":"41 Victoria St, Waimakariri, Rangiora 7400","StationCity":"Rangiora","StationLatitude":"-43.30754","StationLongitude":"172.5953","MonitorChannel":"37","MonitorName":"WEB_Temp6m","MonitorTypeCode":"170","MonitorTypeDescription":"Temperature 6m ","MonitorFullName":"Temperature 6m (DegC)"},{"StationCode":"5","StationName":"Rangiora","StationShortName":"Rangiora","StationLocation":"41 Victoria St, Waimakariri, Rangiora 7400","StationCity":"Rangiora","StationLatitude":"-43.30754","StationLongitude":"172.5953","MonitorChannel":"38","MonitorName":"WEB_PM2.5","MonitorTypeCode":"171","MonitorTypeDescription":"PM2.5 (ug/m3)","MonitorFullName":"PM2.5 (ug/m3)"},{"StationCode":"6","StationName":"Lincoln","StationShortName":"Lincoln","StationLocation":"Crop and Seed Farm","StationCity":"Lincoln","StationLatitude":"-43.627559","StationLongitude":"172.469261","MonitorChannel":"2","MonitorName":"Wind Speed V","MonitorTypeCode":"18","MonitorTypeDescription":"AS/NZS 3580.14 Section 2","MonitorFullName":"Wind speed (m/s)"},{"StationCode":"6","StationName":"Lincoln","StationShortName":"Lincoln","StationLocation":"Crop and Seed Farm","StationCity":"Lincoln","StationLatitude":"-43.627559","StationLongitude":"172.469261","MonitorChannel":"3","MonitorName":"Wind Dir V","MonitorTypeCode":"19","MonitorTypeDescription":"AS/NZS 3580.14 Section 2","MonitorFullName":"Wind direction (Deg)"},{"StationCode":"6","StationName":"Lincoln","StationShortName":"Lincoln","StationLocation":"Crop and Seed Farm","StationCity":"Lincoln","StationLatitude":"-43.627559","StationLongitude":"172.469261","MonitorChannel":"6","MonitorName":"Wind_Max","MonitorTypeCode":"23","MonitorTypeDescription":"AS/NZS 3580.14 Section 2","MonitorFullName":"Wind maximum (m/s)"},{"StationCode":"6","StationName":"Lincoln","StationShortName":"Lincoln","StationLocation":"Crop and Seed Farm","StationCity":"Lincoln","StationLatitude":"-43.627559","StationLongitude":"172.469261","MonitorChannel":"8","MonitorName":"RH","MonitorTypeCode":"26","MonitorTypeDescription":"AS/NZS 3580.14 Section 4","MonitorFullName":"Relative humidity (%)"},{"StationCode":"6","StationName":"Lincoln","StationShortName":"Lincoln","StationLocation":"Crop and Seed Farm","StationCity":"Lincoln","StationLatitude":"-43.627559","StationLongitude":"172.469261","MonitorChannel":"19","MonitorName":"O3_ug/m3","MonitorTypeCode":"167","MonitorTypeDescription":"Ozone ug","MonitorFullName":"O3 (ug/m3)"},{"StationCode":"6","StationName":"Lincoln","StationShortName":"Lincoln","StationLocation":"Crop and Seed Farm","StationCity":"Lincoln","StationLatitude":"-43.627559","StationLongitude":"172.469261","MonitorChannel":"20","MonitorName":"WEB_PM10","MonitorTypeCode":"168","MonitorTypeDescription":"PM10 (ug/m3)","MonitorFullName":"PM10 (ug/m3)"},{"StationCode":"6","StationName":"Lincoln","StationShortName":"Lincoln","StationLocation":"Crop and Seed Farm","StationCity":"Lincoln","StationLatitude":"-43.627559","StationLongitude":"172.469261","MonitorChannel":"21","MonitorName":"WEB_Temp2m","MonitorTypeCode":"169","MonitorTypeDescription":"Temperature 2m ","MonitorFullName":"Temperature 2m (DegC)"},{"StationCode":"6","StationName":"Lincoln","StationShortName":"Lincoln","StationLocation":"Crop and Seed Farm","StationCity":"Lincoln","StationLatitude":"-43.627559","StationLongitude":"172.469261","MonitorChannel":"22","MonitorName":"WEB_Temp6m","MonitorTypeCode":"170","MonitorTypeDescription":"Temperature 6m ","MonitorFullName":"Temperature 6m (DegC)"},{"StationCode":"7","StationName":"Ashburton","StationShortName":"Ashburton","StationLocation":"14 Cambridge St, Hampstead, Ashburton 7700","StationCity":"Ashburton","StationLatitude":"-43.912238","StationLongitude":"171.7552","MonitorChannel":"2","MonitorName":"Wind Speed V","MonitorTypeCode":"18","MonitorTypeDescription":"AS/NZS 3580.14 Section 2","MonitorFullName":"Wind speed (m/s)"},{"StationCode":"7","StationName":"Ashburton","StationShortName":"Ashburton","StationLocation":"14 Cambridge St, Hampstead, Ashburton 7700","StationCity":"Ashburton","StationLatitude":"-43.912238","StationLongitude":"171.7552","MonitorChannel":"3","MonitorName":"Wind Dir V","MonitorTypeCode":"19","MonitorTypeDescription":"AS/NZS 3580.14 Section 2","MonitorFullName":"Wind direction (Deg)"},{"StationCode":"7","StationName":"Ashburton","StationShortName":"Ashburton","StationLocation":"14 Cambridge St, Hampstead, Ashburton 7700","StationCity":"Ashburton","StationLatitude":"-43.912238","StationLongitude":"171.7552","MonitorChannel":"6","MonitorName":"Wind_Max","MonitorTypeCode":"23","MonitorTypeDescription":"AS/NZS 3580.14 Section 2","MonitorFullName":"Wind maximum (m/s)"},{"StationCode":"7","StationName":"Ashburton","StationShortName":"Ashburton","StationLocation":"14 Cambridge St, Hampstead, Ashburton 7700","StationCity":"Ashburton","StationLatitude":"-43.912238","StationLongitude":"171.7552","MonitorChannel":"15","MonitorName":"RH","MonitorTypeCode":"26","MonitorTypeDescription":"AS/NZS 3580.14 Section 4","MonitorFullName":"Relative humidity (%)"},{"StationCode":"7","StationName":"Ashburton","StationShortName":"Ashburton","StationLocation":"14 Cambridge St, Hampstead, Ashburton 7700","StationCity":"Ashburton","StationLatitude":"-43.912238","StationLongitude":"171.7552","MonitorChannel":"16","MonitorName":"CO_(mg)","MonitorTypeCode":"49","MonitorTypeDescription":"AS 3580.7.1","MonitorFullName":"CO (mg/m3)"},{"StationCode":"7","StationName":"Ashburton","StationShortName":"Ashburton","StationLocation":"14 Cambridge St, Hampstead, Ashburton 7700","StationCity":"Ashburton","StationLatitude":"-43.912238","StationLongitude":"171.7552","MonitorChannel":"21","MonitorName":"SO2_(ug)","MonitorTypeCode":"88","MonitorTypeDescription":"AS 3580.4.1","MonitorFullName":"SO2 (ug/m3)"},{"StationCode":"7","StationName":"Ashburton","StationShortName":"Ashburton","StationLocation":"14 Cambridge St, Hampstead, Ashburton 7700","StationCity":"Ashburton","StationLatitude":"-43.912238","StationLongitude":"171.7552","MonitorChannel":"37","MonitorName":"WEB_PM10","MonitorTypeCode":"168","MonitorTypeDescription":"PM10 (ug/m3)","MonitorFullName":"PM10 (ug/m3)"},{"StationCode":"7","StationName":"Ashburton","StationShortName":"Ashburton","StationLocation":"14 Cambridge St, Hampstead, Ashburton 7700","StationCity":"Ashburton","StationLatitude":"-43.912238","StationLongitude":"171.7552","MonitorChannel":"38","MonitorName":"WEB_Temp2m","MonitorTypeCode":"169","MonitorTypeDescription":"Temperature 2m ","MonitorFullName":"Temperature 2m (DegC)"},{"StationCode":"7","StationName":"Ashburton","StationShortName":"Ashburton","StationLocation":"14 Cambridge St, Hampstead, Ashburton 7700","StationCity":"Ashburton","StationLatitude":"-43.912238","StationLongitude":"171.7552","MonitorChannel":"39","MonitorName":"WEB_Temp6m","MonitorTypeCode":"170","MonitorTypeDescription":"Temperature 6m ","MonitorFullName":"Temperature 6m (DegC)"},{"StationCode":"7","StationName":"Ashburton","StationShortName":"Ashburton","StationLocation":"14 Cambridge St, Hampstead, Ashburton 7700","StationCity":"Ashburton","StationLatitude":"-43.912238","StationLongitude":"171.7552","MonitorChannel":"40","MonitorName":"WEB_PM2.5","MonitorTypeCode":"171","MonitorTypeDescription":"PM2.5 (ug/m3)","MonitorFullName":"PM2.5 (ug/m3)"},{"StationCode":"7","StationName":"Ashburton","StationShortName":"Ashburton","StationLocation":"14 Cambridge St, Hampstead, Ashburton 7700","StationCity":"Ashburton","StationLatitude":"-43.912238","StationLongitude":"171.7552","MonitorChannel":"58","MonitorName":"Aeth_880nm_(BC)","MonitorTypeCode":"68","MonitorTypeDescription":"Aeth_880nm","MonitorFullName":"Aeth_880nm"},{"StationCode":"7","StationName":"Ashburton","StationShortName":"Ashburton","StationLocation":"14 Cambridge St, Hampstead, Ashburton 7700","StationCity":"Ashburton","StationLatitude":"-43.912238","StationLongitude":"171.7552","MonitorChannel":"71","MonitorName":"NO_ug","MonitorTypeCode":"135","MonitorTypeDescription":"AS 3580.5.1","MonitorFullName":"NO (ug/m3)"},{"StationCode":"7","StationName":"Ashburton","StationShortName":"Ashburton","StationLocation":"14 Cambridge St, Hampstead, Ashburton 7700","StationCity":"Ashburton","StationLatitude":"-43.912238","StationLongitude":"171.7552","MonitorChannel":"72","MonitorName":"NO2_(ug)","MonitorTypeCode":"102","MonitorTypeDescription":"NO2 ug","MonitorFullName":"NO2 (ug/m3)"},{"StationCode":"9","StationName":"Geraldine","StationShortName":"Geraldine","StationLocation":"Cemetery, Huffey St, Geraldine 7930","StationCity":"Geraldine","StationLatitude":"-44.100181","StationLongitude":"171.2415","MonitorChannel":"1","MonitorName":"Wind Speed V","MonitorTypeCode":"18","MonitorTypeDescription":"AS/NZS 3580.14 Section 2","MonitorFullName":"Wind speed (m/s)"},{"StationCode":"9","StationName":"Geraldine","StationShortName":"Geraldine","StationLocation":"Cemetery, Huffey St, Geraldine 7930","StationCity":"Geraldine","StationLatitude":"-44.100181","StationLongitude":"171.2415","MonitorChannel":"2","MonitorName":"Wind Dir V","MonitorTypeCode":"19","MonitorTypeDescription":"AS/NZS 3580.14 Section 2","MonitorFullName":"Wind direction (Deg)"},{"StationCode":"9","StationName":"Geraldine","StationShortName":"Geraldine","StationLocation":"Cemetery, Huffey St, Geraldine 7930","StationCity":"Geraldine","StationLatitude":"-44.100181","StationLongitude":"171.2415","MonitorChannel":"5","MonitorName":"Wind_Max","MonitorTypeCode":"23","MonitorTypeDescription":"AS/NZS 3580.14 Section 2","MonitorFullName":"Wind maximum (m/s)"},{"StationCode":"9","StationName":"Geraldine","StationShortName":"Geraldine","StationLocation":"Cemetery, Huffey St, Geraldine 7930","StationCity":"Geraldine","StationLatitude":"-44.100181","StationLongitude":"171.2415","MonitorChannel":"10","MonitorName":"RH","MonitorTypeCode":"26","MonitorTypeDescription":"AS/NZS 3580.14 Section 4","MonitorFullName":"Relative humidity (%)"},{"StationCode":"9","StationName":"Geraldine","StationShortName":"Geraldine","StationLocation":"Cemetery, Huffey St, Geraldine 7930","StationCity":"Geraldine","StationLatitude":"-44.100181","StationLongitude":"171.2415","MonitorChannel":"20","MonitorName":"CO_(mg)","MonitorTypeCode":"49","MonitorTypeDescription":"AS 3580.7.1","MonitorFullName":"CO (mg/m3)"},{"StationCode":"9","StationName":"Geraldine","StationShortName":"Geraldine","StationLocation":"Cemetery, Huffey St, Geraldine 7930","StationCity":"Geraldine","StationLatitude":"-44.100181","StationLongitude":"171.2415","MonitorChannel":"25","MonitorName":"SO2_(ug)","MonitorTypeCode":"88","MonitorTypeDescription":"AS 3580.4.1","MonitorFullName":"SO2 (ug/m3)"},{"StationCode":"9","StationName":"Geraldine","StationShortName":"Geraldine","StationLocation":"Cemetery, Huffey St, Geraldine 7930","StationCity":"Geraldine","StationLatitude":"-44.100181","StationLongitude":"171.2415","MonitorChannel":"44","MonitorName":"WEB_PM10","MonitorTypeCode":"168","MonitorTypeDescription":"PM10 (ug/m3)","MonitorFullName":"PM10 (ug/m3)"},{"StationCode":"9","StationName":"Geraldine","StationShortName":"Geraldine","StationLocation":"Cemetery, Huffey St, Geraldine 7930","StationCity":"Geraldine","StationLatitude":"-44.100181","StationLongitude":"171.2415","MonitorChannel":"45","MonitorName":"WEB_Temp2m","MonitorTypeCode":"169","MonitorTypeDescription":"Temperature 2m ","MonitorFullName":"Temperature 2m (DegC)"},{"StationCode":"9","StationName":"Geraldine","StationShortName":"Geraldine","StationLocation":"Cemetery, Huffey St, Geraldine 7930","StationCity":"Geraldine","StationLatitude":"-44.100181","StationLongitude":"171.2415","MonitorChannel":"46","MonitorName":"WEB_Temp6m","MonitorTypeCode":"170","MonitorTypeDescription":"Temperature 6m ","MonitorFullName":"Temperature 6m (DegC)"},{"StationCode":"9","StationName":"Geraldine","StationShortName":"Geraldine","StationLocation":"Cemetery, Huffey St, Geraldine 7930","StationCity":"Geraldine","StationLatitude":"-44.100181","StationLongitude":"171.2415","MonitorChannel":"47","MonitorName":"WEB_PM2.5","MonitorTypeCode":"171","MonitorTypeDescription":"PM2.5 (ug/m3)","MonitorFullName":"PM2.5 (ug/m3)"},{"StationCode":"10","StationName":"Timaru Anzac Square","StationShortName":"Timaru","StationLocation":"Anzac Square, Rose St, Parkside, Timaru 7910","StationCity":"Timaru","StationLatitude":"-44.404483","StationLongitude":"171.2497","MonitorChannel":"1","MonitorName":"Wind Speed V","MonitorTypeCode":"18","MonitorTypeDescription":"AS/NZS 3580.14 Section 2","MonitorFullName":"Wind speed (m/s)"},{"StationCode":"10","StationName":"Timaru Anzac Square","StationShortName":"Timaru","StationLocation":"Anzac Square, Rose St, Parkside, Timaru 7910","StationCity":"Timaru","StationLatitude":"-44.404483","StationLongitude":"171.2497","MonitorChannel":"2","MonitorName":"Wind Dir V","MonitorTypeCode":"19","MonitorTypeDescription":"AS/NZS 3580.14 Section 2","MonitorFullName":"Wind direction (Deg)"},{"StationCode":"10","StationName":"Timaru Anzac Square","StationShortName":"Timaru","StationLocation":"Anzac Square, Rose St, Parkside, Timaru 7910","StationCity":"Timaru","StationLatitude":"-44.404483","StationLongitude":"171.2497","MonitorChannel":"5","MonitorName":"Wind_Max","MonitorTypeCode":"23","MonitorTypeDescription":"AS/NZS 3580.14 Section 2","MonitorFullName":"Wind maximum (m/s)"},{"StationCode":"10","StationName":"Timaru Anzac Square","StationShortName":"Timaru","StationLocation":"Anzac Square, Rose St, Parkside, Timaru 7910","StationCity":"Timaru","StationLatitude":"-44.404483","StationLongitude":"171.2497","MonitorChannel":"15","MonitorName":"RH","MonitorTypeCode":"26","MonitorTypeDescription":"AS/NZS 3580.14 Section 4","MonitorFullName":"Relative humidity (%)"},{"StationCode":"10","StationName":"Timaru Anzac Square","StationShortName":"Timaru","StationLocation":"Anzac Square, Rose St, Parkside, Timaru 7910","StationCity":"Timaru","StationLatitude":"-44.404483","StationLongitude":"171.2497","MonitorChannel":"21","MonitorName":"CO_(mg)","MonitorTypeCode":"49","MonitorTypeDescription":"AS 3580.7.1","MonitorFullName":"CO (mg/m3)"},{"StationCode":"10","StationName":"Timaru Anzac Square","StationShortName":"Timaru","StationLocation":"Anzac Square, Rose St, Parkside, Timaru 7910","StationCity":"Timaru","StationLatitude":"-44.404483","StationLongitude":"171.2497","MonitorChannel":"23","MonitorName":"SO2_(ug)","MonitorTypeCode":"88","MonitorTypeDescription":"AS 3580.4.1","MonitorFullName":"SO2 (ug/m3)"},{"StationCode":"10","StationName":"Timaru Anzac Square","StationShortName":"Timaru","StationLocation":"Anzac Square, Rose St, Parkside, Timaru 7910","StationCity":"Timaru","StationLatitude":"-44.404483","StationLongitude":"171.2497","MonitorChannel":"50","MonitorName":"WEB_Temp2m","MonitorTypeCode":"169","MonitorTypeDescription":"Temperature 2m ","MonitorFullName":"Temperature 2m (DegC)"},{"StationCode":"10","StationName":"Timaru Anzac Square","StationShortName":"Timaru","StationLocation":"Anzac Square, Rose St, Parkside, Timaru 7910","StationCity":"Timaru","StationLatitude":"-44.404483","StationLongitude":"171.2497","MonitorChannel":"51","MonitorName":"WEB_Temp6m","MonitorTypeCode":"170","MonitorTypeDescription":"Temperature 6m ","MonitorFullName":"Temperature 6m (DegC)"},{"StationCode":"10","StationName":"Timaru Anzac Square","StationShortName":"Timaru","StationLocation":"Anzac Square, Rose St, Parkside, Timaru 7910","StationCity":"Timaru","StationLatitude":"-44.404483","StationLongitude":"171.2497","MonitorChannel":"52","MonitorName":"WEB_PM2.5","MonitorTypeCode":"171","MonitorTypeDescription":"PM2.5 (ug/m3)","MonitorFullName":"PM2.5 (ug/m3)"},{"StationCode":"10","StationName":"Timaru Anzac Square","StationShortName":"Timaru","StationLocation":"Anzac Square, Rose St, Parkside, Timaru 7910","StationCity":"Timaru","StationLatitude":"-44.404483","StationLongitude":"171.2497","MonitorChannel":"53","MonitorName":"WEB_PM10","MonitorTypeCode":"168","MonitorTypeDescription":"PM10 (ug/m3)","MonitorFullName":"PM10 (ug/m3)"},{"StationCode":"10","StationName":"Timaru Anzac Square","StationShortName":"Timaru","StationLocation":"Anzac Square, Rose St, Parkside, Timaru 7910","StationCity":"Timaru","StationLatitude":"-44.404483","StationLongitude":"171.2497","MonitorChannel":"90","MonitorName":"NO2_(ug)","MonitorTypeCode":"102","MonitorTypeDescription":"NO2 ug","MonitorFullName":"NO2 (ug/m3)"},{"StationCode":"10","StationName":"Timaru Anzac Square","StationShortName":"Timaru","StationLocation":"Anzac Square, Rose St, Parkside, Timaru 7910","StationCity":"Timaru","StationLatitude":"-44.404483","StationLongitude":"171.2497","MonitorChannel":"91","MonitorName":"NO_ug","MonitorTypeCode":"135","MonitorTypeDescription":"AS 3580.5.1","MonitorFullName":"NO (ug/m3)"},{"StationCode":"11","StationName":"Washdyke Flat Road","StationShortName":"Washdyke","StationLocation":"13 Washdyke Flat Rd","StationCity":"Washdyke","StationLatitude":"-44.356735","StationLongitude":"171.2363","MonitorChannel":"1","MonitorName":"Wind Speed V","MonitorTypeCode":"18","MonitorTypeDescription":"AS/NZS 3580.14 Section 2","MonitorFullName":"Wind speed (m/s)"},{"StationCode":"11","StationName":"Washdyke Flat Road","StationShortName":"Washdyke","StationLocation":"13 Washdyke Flat Rd","StationCity":"Washdyke","StationLatitude":"-44.356735","StationLongitude":"171.2363","MonitorChannel":"2","MonitorName":"Wind Dir V","MonitorTypeCode":"19","MonitorTypeDescription":"AS/NZS 3580.14 Section 2","MonitorFullName":"Wind direction (Deg)"},{"StationCode":"11","StationName":"Washdyke Flat Road","StationShortName":"Washdyke","StationLocation":"13 Washdyke Flat Rd","StationCity":"Washdyke","StationLatitude":"-44.356735","StationLongitude":"171.2363","MonitorChannel":"5","MonitorName":"Wind_Max","MonitorTypeCode":"23","MonitorTypeDescription":"AS/NZS 3580.14 Section 2","MonitorFullName":"Wind maximum (m/s)"},{"StationCode":"11","StationName":"Washdyke Flat Road","StationShortName":"Washdyke","StationLocation":"13 Washdyke Flat Rd","StationCity":"Washdyke","StationLatitude":"-44.356735","StationLongitude":"171.2363","MonitorChannel":"15","MonitorName":"CO_(mg)","MonitorTypeCode":"49","MonitorTypeDescription":"AS 3580.7.1","MonitorFullName":"CO (mg/m3)"},{"StationCode":"11","StationName":"Washdyke Flat Road","StationShortName":"Washdyke","StationLocation":"13 Washdyke Flat Rd","StationCity":"Washdyke","StationLatitude":"-44.356735","StationLongitude":"171.2363","MonitorChannel":"16","MonitorName":"SO2_(ug)","MonitorTypeCode":"88","MonitorTypeDescription":"AS 3580.4.1","MonitorFullName":"SO2 (ug/m3)"},{"StationCode":"11","StationName":"Washdyke Flat Road","StationShortName":"Washdyke","StationLocation":"13 Washdyke Flat Rd","StationCity":"Washdyke","StationLatitude":"-44.356735","StationLongitude":"171.2363","MonitorChannel":"42","MonitorName":"WEB_PM10","MonitorTypeCode":"168","MonitorTypeDescription":"PM10 (ug/m3)","MonitorFullName":"PM10 (ug/m3)"},{"StationCode":"11","StationName":"Washdyke Flat Road","StationShortName":"Washdyke","StationLocation":"13 Washdyke Flat Rd","StationCity":"Washdyke","StationLatitude":"-44.356735","StationLongitude":"171.2363","MonitorChannel":"43","MonitorName":"WEB_Temp2m","MonitorTypeCode":"169","MonitorTypeDescription":"Temperature 2m ","MonitorFullName":"Temperature 2m (DegC)"},{"StationCode":"11","StationName":"Washdyke Flat Road","StationShortName":"Washdyke","StationLocation":"13 Washdyke Flat Rd","StationCity":"Washdyke","StationLatitude":"-44.356735","StationLongitude":"171.2363","MonitorChannel":"44","MonitorName":"WEB_Temp6m","MonitorTypeCode":"170","MonitorTypeDescription":"Temperature 6m ","MonitorFullName":"Temperature 6m (DegC)"},{"StationCode":"11","StationName":"Washdyke Flat Road","StationShortName":"Washdyke","StationLocation":"13 Washdyke Flat Rd","StationCity":"Washdyke","StationLatitude":"-44.356735","StationLongitude":"171.2363","MonitorChannel":"45","MonitorName":"WEB_PM2.5","MonitorTypeCode":"171","MonitorTypeDescription":"PM2.5 (ug/m3)","MonitorFullName":"PM2.5 (ug/m3)"},{"StationCode":"12","StationName":"Waimate Stadium","StationShortName":"WaimateStadium","StationLocation":"Sport Stadium, Michael St","StationCity":"Waimate","StationLatitude":"-44.735729","StationLongitude":"171.0499","MonitorChannel":"2","MonitorName":"Wind Speed V","MonitorTypeCode":"18","MonitorTypeDescription":"AS/NZS 3580.14 Section 2","MonitorFullName":"Wind speed (m/s)"},{"StationCode":"12","StationName":"Waimate Stadium","StationShortName":"WaimateStadium","StationLocation":"Sport Stadium, Michael St","StationCity":"Waimate","StationLatitude":"-44.735729","StationLongitude":"171.0499","MonitorChannel":"3","MonitorName":"Wind Dir V","MonitorTypeCode":"19","MonitorTypeDescription":"AS/NZS 3580.14 Section 2","MonitorFullName":"Wind direction (Deg)"},{"StationCode":"12","StationName":"Waimate Stadium","StationShortName":"WaimateStadium","StationLocation":"Sport Stadium, Michael St","StationCity":"Waimate","StationLatitude":"-44.735729","StationLongitude":"171.0499","MonitorChannel":"6","MonitorName":"Wind_Max","MonitorTypeCode":"23","MonitorTypeDescription":"AS/NZS 3580.14 Section 2","MonitorFullName":"Wind maximum (m/s)"},{"StationCode":"12","StationName":"Waimate Stadium","StationShortName":"WaimateStadium","StationLocation":"Sport Stadium, Michael St","StationCity":"Waimate","StationLatitude":"-44.735729","StationLongitude":"171.0499","MonitorChannel":"15","MonitorName":"CO_(mg)","MonitorTypeCode":"49","MonitorTypeDescription":"AS 3580.7.1","MonitorFullName":"CO (mg/m3)"},{"StationCode":"12","StationName":"Waimate Stadium","StationShortName":"WaimateStadium","StationLocation":"Sport Stadium, Michael St","StationCity":"Waimate","StationLatitude":"-44.735729","StationLongitude":"171.0499","MonitorChannel":"19","MonitorName":"RH","MonitorTypeCode":"26","MonitorTypeDescription":"AS/NZS 3580.14 Section 4","MonitorFullName":"Relative humidity (%)"},{"StationCode":"12","StationName":"Waimate Stadium","StationShortName":"WaimateStadium","StationLocation":"Sport Stadium, Michael St","StationCity":"Waimate","StationLatitude":"-44.735729","StationLongitude":"171.0499","MonitorChannel":"20","MonitorName":"SO2_(ug)","MonitorTypeCode":"88","MonitorTypeDescription":"AS 3580.4.1","MonitorFullName":"SO2 (ug/m3)"},{"StationCode":"12","StationName":"Waimate Stadium","StationShortName":"WaimateStadium","StationLocation":"Sport Stadium, Michael St","StationCity":"Waimate","StationLatitude":"-44.735729","StationLongitude":"171.0499","MonitorChannel":"23","MonitorName":"WEB_PM10","MonitorTypeCode":"168","MonitorTypeDescription":"PM10 (ug/m3)","MonitorFullName":"PM10 (ug/m3)"},{"StationCode":"12","StationName":"Waimate Stadium","StationShortName":"WaimateStadium","StationLocation":"Sport Stadium, Michael St","StationCity":"Waimate","StationLatitude":"-44.735729","StationLongitude":"171.0499","MonitorChannel":"24","MonitorName":"WEB_Temp2m","MonitorTypeCode":"169","MonitorTypeDescription":"Temperature 2m ","MonitorFullName":"Temperature 2m (DegC)"},{"StationCode":"12","StationName":"Waimate Stadium","StationShortName":"WaimateStadium","StationLocation":"Sport Stadium, Michael St","StationCity":"Waimate","StationLatitude":"-44.735729","StationLongitude":"171.0499","MonitorChannel":"25","MonitorName":"WEB_Temp6m","MonitorTypeCode":"170","MonitorTypeDescription":"Temperature 6m ","MonitorFullName":"Temperature 6m (DegC)"},{"StationCode":"36","StationName":"Burnside","StationShortName":"Burnside","StationLocation":"Orion, 388 Grahams Rd","StationCity":"Christchurch","StationLatitude":"-43.492848","StationLongitude":"172.5931","MonitorChannel":"1","MonitorName":"CO_(mg)","MonitorTypeCode":"49","MonitorTypeDescription":"AS 3580.7.1","MonitorFullName":"CO (mg/m3)"},{"StationCode":"36","StationName":"Burnside","StationShortName":"Burnside","StationLocation":"Orion, 388 Grahams Rd","StationCity":"Christchurch","StationLatitude":"-43.492848","StationLongitude":"172.5931","MonitorChannel":"2","MonitorName":"NO_ug","MonitorTypeCode":"135","MonitorTypeDescription":"AS 3580.5.1","MonitorFullName":"NO (ug/m3)"},{"StationCode":"36","StationName":"Burnside","StationShortName":"Burnside","StationLocation":"Orion, 388 Grahams Rd","StationCity":"Christchurch","StationLatitude":"-43.492848","StationLongitude":"172.5931","MonitorChannel":"3","MonitorName":"NO2_(ug)","MonitorTypeCode":"102","MonitorTypeDescription":"NO2 ug","MonitorFullName":"NO2 (ug/m3)"},{"StationCode":"36","StationName":"Burnside","StationShortName":"Burnside","StationLocation":"Orion, 388 Grahams Rd","StationCity":"Christchurch","StationLatitude":"-43.492848","StationLongitude":"172.5931","MonitorChannel":"7","MonitorName":"RH","MonitorTypeCode":"26","MonitorTypeDescription":"AS/NZS 3580.14 Section 4","MonitorFullName":"Relative humidity (%)"},{"StationCode":"36","StationName":"Burnside","StationShortName":"Burnside","StationLocation":"Orion, 388 Grahams Rd","StationCity":"Christchurch","StationLatitude":"-43.492848","StationLongitude":"172.5931","MonitorChannel":"8","MonitorName":"SO2_(ug)","MonitorTypeCode":"88","MonitorTypeDescription":"AS 3580.4.1","MonitorFullName":"SO2 (ug/m3)"},{"StationCode":"36","StationName":"Burnside","StationShortName":"Burnside","StationLocation":"Orion, 388 Grahams Rd","StationCity":"Christchurch","StationLatitude":"-43.492848","StationLongitude":"172.5931","MonitorChannel":"12","MonitorName":"Wind Speed V","MonitorTypeCode":"18","MonitorTypeDescription":"AS/NZS 3580.14 Section 2","MonitorFullName":"Wind speed (m/s)"},{"StationCode":"36","StationName":"Burnside","StationShortName":"Burnside","StationLocation":"Orion, 388 Grahams Rd","StationCity":"Christchurch","StationLatitude":"-43.492848","StationLongitude":"172.5931","MonitorChannel":"13","MonitorName":"Wind Dir V","MonitorTypeCode":"19","MonitorTypeDescription":"AS/NZS 3580.14 Section 2","MonitorFullName":"Wind direction (Deg)"},{"StationCode":"36","StationName":"Burnside","StationShortName":"Burnside","StationLocation":"Orion, 388 Grahams Rd","StationCity":"Christchurch","StationLatitude":"-43.492848","StationLongitude":"172.5931","MonitorChannel":"14","MonitorName":"WEB_PM10","MonitorTypeCode":"168","MonitorTypeDescription":"PM10 (ug/m3)","MonitorFullName":"PM10 (ug/m3)"},{"StationCode":"36","StationName":"Burnside","StationShortName":"Burnside","StationLocation":"Orion, 388 Grahams Rd","StationCity":"Christchurch","StationLatitude":"-43.492848","StationLongitude":"172.5931","MonitorChannel":"15","MonitorName":"WEB_Temp2m","MonitorTypeCode":"169","MonitorTypeDescription":"Temperature 2m ","MonitorFullName":"Temperature 2m (DegC)"},{"StationCode":"36","StationName":"Burnside","StationShortName":"Burnside","StationLocation":"Orion, 388 Grahams Rd","StationCity":"Christchurch","StationLatitude":"-43.492848","StationLongitude":"172.5931","MonitorChannel":"16","MonitorName":"WEB_Temp6m","MonitorTypeCode":"170","MonitorTypeDescription":"Temperature 6m ","MonitorFullName":"Temperature 6m (DegC)"},{"StationCode":"54","StationName":"Timaru Grey Rd","StationShortName":"Timaru Grey Rd","StationLocation":"Timaru Main School, Grey Road","StationCity":"Timaru","StationLatitude":"-44.399174","StationLongitude":"171.2462","MonitorChannel":"2","MonitorName":"CO_(mg)","MonitorTypeCode":"49","MonitorTypeDescription":"AS 3580.7.1","MonitorFullName":"CO (mg/m3)"},{"StationCode":"54","StationName":"Timaru Grey Rd","StationShortName":"Timaru Grey Rd","StationLocation":"Timaru Main School, Grey Road","StationCity":"Timaru","StationLatitude":"-44.399174","StationLongitude":"171.2462","MonitorChannel":"4","MonitorName":"NO_ug","MonitorTypeCode":"135","MonitorTypeDescription":"AS 3580.5.1","MonitorFullName":"NO (ug/m3)"},{"StationCode":"54","StationName":"Timaru Grey Rd","StationShortName":"Timaru Grey Rd","StationLocation":"Timaru Main School, Grey Road","StationCity":"Timaru","StationLatitude":"-44.399174","StationLongitude":"171.2462","MonitorChannel":"5","MonitorName":"NO2_(ug)","MonitorTypeCode":"102","MonitorTypeDescription":"NO2 ug","MonitorFullName":"NO2 (ug/m3)"},{"StationCode":"54","StationName":"Timaru Grey Rd","StationShortName":"Timaru Grey Rd","StationLocation":"Timaru Main School, Grey Road","StationCity":"Timaru","StationLatitude":"-44.399174","StationLongitude":"171.2462","MonitorChannel":"12","MonitorName":"RH","MonitorTypeCode":"26","MonitorTypeDescription":"AS/NZS 3580.14 Section 4","MonitorFullName":"Relative humidity (%)"},{"StationCode":"54","StationName":"Timaru Grey Rd","StationShortName":"Timaru Grey Rd","StationLocation":"Timaru Main School, Grey Road","StationCity":"Timaru","StationLatitude":"-44.399174","StationLongitude":"171.2462","MonitorChannel":"13","MonitorName":"SO2_(ug)","MonitorTypeCode":"88","MonitorTypeDescription":"AS 3580.4.1","MonitorFullName":"SO2 (ug/m3)"},{"StationCode":"54","StationName":"Timaru Grey Rd","StationShortName":"Timaru Grey Rd","StationLocation":"Timaru Main School, Grey Road","StationCity":"Timaru","StationLatitude":"-44.399174","StationLongitude":"171.2462","MonitorChannel":"17","MonitorName":"Wind Dir V","MonitorTypeCode":"19","MonitorTypeDescription":"AS/NZS 3580.14 Section 2","MonitorFullName":"Wind direction (Deg)"},{"StationCode":"54","StationName":"Timaru Grey Rd","StationShortName":"Timaru Grey Rd","StationLocation":"Timaru Main School, Grey Road","StationCity":"Timaru","StationLatitude":"-44.399174","StationLongitude":"171.2462","MonitorChannel":"18","MonitorName":"Wind Speed V","MonitorTypeCode":"18","MonitorTypeDescription":"AS/NZS 3580.14 Section 2","MonitorFullName":"Wind speed (m/s)"},{"StationCode":"54","StationName":"Timaru Grey Rd","StationShortName":"Timaru Grey Rd","StationLocation":"Timaru Main School, Grey Road","StationCity":"Timaru","StationLatitude":"-44.399174","StationLongitude":"171.2462","MonitorChannel":"23","MonitorName":"WEB_PM10","MonitorTypeCode":"168","MonitorTypeDescription":"PM10 (ug/m3)","MonitorFullName":"PM10 (ug/m3)"},{"StationCode":"54","StationName":"Timaru Grey Rd","StationShortName":"Timaru Grey Rd","StationLocation":"Timaru Main School, Grey Road","StationCity":"Timaru","StationLatitude":"-44.399174","StationLongitude":"171.2462","MonitorChannel":"24","MonitorName":"WEB_Temp2m","MonitorTypeCode":"169","MonitorTypeDescription":"Temperature 2m ","MonitorFullName":"Temperature 2m (DegC)"},{"StationCode":"54","StationName":"Timaru Grey Rd","StationShortName":"Timaru Grey Rd","StationLocation":"Timaru Main School, Grey Road","StationCity":"Timaru","StationLatitude":"-44.399174","StationLongitude":"171.2462","MonitorChannel":"25","MonitorName":"WEB_Temp6m","MonitorTypeCode":"170","MonitorTypeDescription":"Temperature 6m ","MonitorFullName":"Temperature 6m (DegC)"},{"StationCode":"64","StationName":"Waimate Kennedy","StationShortName":"WaimateKennedy","StationLocation":"Kennedy Crescent, Waimate 7924","StationCity":"Waimate","StationLatitude":"-44.732609","StationLongitude":"171.049835","MonitorChannel":"1","MonitorName":"Wind Dir V","MonitorTypeCode":"19","MonitorTypeDescription":"AS/NZS 3580.14 Section 2","MonitorFullName":"Wind direction (Deg)"},{"StationCode":"64","StationName":"Waimate Kennedy","StationShortName":"WaimateKennedy","StationLocation":"Kennedy Crescent, Waimate 7924","StationCity":"Waimate","StationLatitude":"-44.732609","StationLongitude":"171.049835","MonitorChannel":"3","MonitorName":"Wind Speed V","MonitorTypeCode":"18","MonitorTypeDescription":"AS/NZS 3580.14 Section 2","MonitorFullName":"Wind speed (m/s)"},{"StationCode":"64","StationName":"Waimate Kennedy","StationShortName":"WaimateKennedy","StationLocation":"Kennedy Crescent, Waimate 7924","StationCity":"Waimate","StationLatitude":"-44.732609","StationLongitude":"171.049835","MonitorChannel":"4","MonitorName":"Wind_Max","MonitorTypeCode":"23","MonitorTypeDescription":"AS/NZS 3580.14 Section 2","MonitorFullName":"Wind maximum (m/s)"},{"StationCode":"64","StationName":"Waimate Kennedy","StationShortName":"WaimateKennedy","StationLocation":"Kennedy Crescent, Waimate 7924","StationCity":"Waimate","StationLatitude":"-44.732609","StationLongitude":"171.049835","MonitorChannel":"23","MonitorName":"CO_(mg)","MonitorTypeCode":"49","MonitorTypeDescription":"AS 3580.7.1","MonitorFullName":"CO (mg/m3)"},{"StationCode":"64","StationName":"Waimate Kennedy","StationShortName":"WaimateKennedy","StationLocation":"Kennedy Crescent, Waimate 7924","StationCity":"Waimate","StationLatitude":"-44.732609","StationLongitude":"171.049835","MonitorChannel":"28","MonitorName":"WEB_PM10","MonitorTypeCode":"168","MonitorTypeDescription":"PM10 (ug/m3)","MonitorFullName":"PM10 (ug/m3)"},{"StationCode":"64","StationName":"Waimate Kennedy","StationShortName":"WaimateKennedy","StationLocation":"Kennedy Crescent, Waimate 7924","StationCity":"Waimate","StationLatitude":"-44.732609","StationLongitude":"171.049835","MonitorChannel":"29","MonitorName":"WEB_PM2.5","MonitorTypeCode":"171","MonitorTypeDescription":"PM2.5 (ug/m3)","MonitorFullName":"PM2.5 (ug/m3)"},{"StationCode":"64","StationName":"Waimate Kennedy","StationShortName":"WaimateKennedy","StationLocation":"Kennedy Crescent, Waimate 7924","StationCity":"Waimate","StationLatitude":"-44.732609","StationLongitude":"171.049835","MonitorChannel":"30","MonitorName":"WEB_Temp2m","MonitorTypeCode":"169","MonitorTypeDescription":"Temperature 2m ","MonitorFullName":"Temperature 2m (DegC)"},{"StationCode":"64","StationName":"Waimate Kennedy","StationShortName":"WaimateKennedy","StationLocation":"Kennedy Crescent, Waimate 7924","StationCity":"Waimate","StationLatitude":"-44.732609","StationLongitude":"171.049835","MonitorChannel":"31","MonitorName":"WEB_Temp6m","MonitorTypeCode":"170","MonitorTypeDescription":"Temperature 6m ","MonitorFullName":"Temperature 6m (DegC)"},{"StationCode":"77","StationName":"Washdyke Alpine","StationShortName":"Washdyke","StationLocation":"31 Meadows Road, Washdyke, Timaru 7910","StationCity":"Washdyke","StationLatitude":"-44.356199","StationLongitude":"171.242334","MonitorChannel":"1","MonitorName":"Wind Speed V","MonitorTypeCode":"18","MonitorTypeDescription":"AS/NZS 3580.14 Section 2","MonitorFullName":"Wind speed (m/s)"},{"StationCode":"77","StationName":"Washdyke Alpine","StationShortName":"Washdyke","StationLocation":"31 Meadows Road, Washdyke, Timaru 7910","StationCity":"Washdyke","StationLatitude":"-44.356199","StationLongitude":"171.242334","MonitorChannel":"2","MonitorName":"Wind Dir V","MonitorTypeCode":"19","MonitorTypeDescription":"AS/NZS 3580.14 Section 2","MonitorFullName":"Wind direction (Deg)"},{"StationCode":"77","StationName":"Washdyke Alpine","StationShortName":"Washdyke","StationLocation":"31 Meadows Road, Washdyke, Timaru 7910","StationCity":"Washdyke","StationLatitude":"-44.356199","StationLongitude":"171.242334","MonitorChannel":"5","MonitorName":"Wind_Max","MonitorTypeCode":"23","MonitorTypeDescription":"AS/NZS 3580.14 Section 2","MonitorFullName":"Wind maximum (m/s)"},{"StationCode":"77","StationName":"Washdyke Alpine","StationShortName":"Washdyke","StationLocation":"31 Meadows Road, Washdyke, Timaru 7910","StationCity":"Washdyke","StationLatitude":"-44.356199","StationLongitude":"171.242334","MonitorChannel":"15","MonitorName":"CO_(mg)","MonitorTypeCode":"49","MonitorTypeDescription":"AS 3580.7.1","MonitorFullName":"CO (mg/m3)"},{"StationCode":"77","StationName":"Washdyke Alpine","StationShortName":"Washdyke","StationLocation":"31 Meadows Road, Washdyke, Timaru 7910","StationCity":"Washdyke","StationLatitude":"-44.356199","StationLongitude":"171.242334","MonitorChannel":"16","MonitorName":"SO2_(ug)","MonitorTypeCode":"88","MonitorTypeDescription":"AS 3580.4.1","MonitorFullName":"SO2 (ug/m3)"},{"StationCode":"77","StationName":"Washdyke Alpine","StationShortName":"Washdyke","StationLocation":"31 Meadows Road, Washdyke, Timaru 7910","StationCity":"Washdyke","StationLatitude":"-44.356199","StationLongitude":"171.242334","MonitorChannel":"42","MonitorName":"WEB_PM10","MonitorTypeCode":"168","MonitorTypeDescription":"PM10 (ug/m3)","MonitorFullName":"PM10 (ug/m3)"},{"StationCode":"77","StationName":"Washdyke Alpine","StationShortName":"Washdyke","StationLocation":"31 Meadows Road, Washdyke, Timaru 7910","StationCity":"Washdyke","StationLatitude":"-44.356199","StationLongitude":"171.242334","MonitorChannel":"43","MonitorName":"WEB_Temp2m","MonitorTypeCode":"169","MonitorTypeDescription":"Temperature 2m ","MonitorFullName":"Temperature 2m (DegC)"},{"StationCode":"77","StationName":"Washdyke Alpine","StationShortName":"Washdyke","StationLocation":"31 Meadows Road, Washdyke, Timaru 7910","StationCity":"Washdyke","StationLatitude":"-44.356199","StationLongitude":"171.242334","MonitorChannel":"44","MonitorName":"WEB_Temp6m","MonitorTypeCode":"170","MonitorTypeDescription":"Temperature 6m ","MonitorFullName":"Temperature 6m (DegC)"},{"StationCode":"77","StationName":"Washdyke Alpine","StationShortName":"Washdyke","StationLocation":"31 Meadows Road, Washdyke, Timaru 7910","StationCity":"Washdyke","StationLatitude":"-44.356199","StationLongitude":"171.242334","MonitorChannel":"45","MonitorName":"WEB_PM2.5","MonitorTypeCode":"171","MonitorTypeDescription":"PM2.5 (ug/m3)","MonitorFullName":"PM2.5 (ug/m3)"},{"StationCode":"87","StationName":"St Albans EP","StationShortName":"English Park","StationLocation":"English Park, 127 Cranford St, St Albans, Christch","StationCity":"Christchurch","StationLatitude":"-43.508568","StationLongitude":"172.635855","MonitorChannel":"1","MonitorName":"Wind Speed V","MonitorTypeCode":"18","MonitorTypeDescription":"AS/NZS 3580.14 Section 2","MonitorFullName":"Wind speed (m/s)"},{"StationCode":"87","StationName":"St Albans EP","StationShortName":"English Park","StationLocation":"English Park, 127 Cranford St, St Albans, Christch","StationCity":"Christchurch","StationLatitude":"-43.508568","StationLongitude":"172.635855","MonitorChannel":"2","MonitorName":"Wind Dir V","MonitorTypeCode":"19","MonitorTypeDescription":"AS/NZS 3580.14 Section 2","MonitorFullName":"Wind direction (Deg)"},{"StationCode":"87","StationName":"St Albans EP","StationShortName":"English Park","StationLocation":"English Park, 127 Cranford St, St Albans, Christch","StationCity":"Christchurch","StationLatitude":"-43.508568","StationLongitude":"172.635855","MonitorChannel":"5","MonitorName":"Wind_Max","MonitorTypeCode":"23","MonitorTypeDescription":"AS/NZS 3580.14 Section 2","MonitorFullName":"Wind maximum (m/s)"},{"StationCode":"87","StationName":"St Albans EP","StationShortName":"English Park","StationLocation":"English Park, 127 Cranford St, St Albans, Christch","StationCity":"Christchurch","StationLatitude":"-43.508568","StationLongitude":"172.635855","MonitorChannel":"17","MonitorName":"NO2_(ug)","MonitorTypeCode":"102","MonitorTypeDescription":"NO2 ug","MonitorFullName":"NO2 (ug/m3)"},{"StationCode":"87","StationName":"St Albans EP","StationShortName":"English Park","StationLocation":"English Park, 127 Cranford St, St Albans, Christch","StationCity":"Christchurch","StationLatitude":"-43.508568","StationLongitude":"172.635855","MonitorChannel":"27","MonitorName":"WEB_PM10","MonitorTypeCode":"168","MonitorTypeDescription":"PM10 (ug/m3)","MonitorFullName":"PM10 (ug/m3)"},{"StationCode":"87","StationName":"St Albans EP","StationShortName":"English Park","StationLocation":"English Park, 127 Cranford St, St Albans, Christch","StationCity":"Christchurch","StationLatitude":"-43.508568","StationLongitude":"172.635855","MonitorChannel":"28","MonitorName":"WEB_PM2.5","MonitorTypeCode":"171","MonitorTypeDescription":"PM2.5 (ug/m3)","MonitorFullName":"PM2.5 (ug/m3)"},{"StationCode":"87","StationName":"St Albans EP","StationShortName":"English Park","StationLocation":"English Park, 127 Cranford St, St Albans, Christch","StationCity":"Christchurch","StationLatitude":"-43.508568","StationLongitude":"172.635855","MonitorChannel":"29","MonitorName":"WEB_Temp2m","MonitorTypeCode":"169","MonitorTypeDescription":"Temperature 2m ","MonitorFullName":"Temperature 2m (DegC)"},{"StationCode":"87","StationName":"St Albans EP","StationShortName":"English Park","StationLocation":"English Park, 127 Cranford St, St Albans, Christch","StationCity":"Christchurch","StationLatitude":"-43.508568","StationLongitude":"172.635855","MonitorChannel":"30","MonitorName":"WEB_Temp6m","MonitorTypeCode":"170","MonitorTypeDescription":"Temperature 6m ","MonitorFullName":"Temperature 6m (DegC)"},{"StationCode":"87","StationName":"St Albans EP","StationShortName":"English Park","StationLocation":"English Park, 127 Cranford St, St Albans, Christch","StationCity":"Christchurch","StationLatitude":"-43.508568","StationLongitude":"172.635855","MonitorChannel":"39","MonitorName":"NO_ug","MonitorTypeCode":"135","MonitorTypeDescription":"AS 3580.5.1","MonitorFullName":"NO (ug/m3)"},{"StationCode":"90","StationName":"Riccarton Benzene","StationShortName":"RicBenz","StationLocation":"N/A","StationCity":"Christchurch","StationLatitude":"-43.529753","StationLongitude":"172.5987","MonitorChannel":"1","MonitorName":"Benzene","MonitorTypeCode":"235","MonitorTypeDescription":"Benzene 3M","MonitorFullName":"Benzene 3M"}]}}